Nombre del Producto,URL de la Imagen
EVGA GeForce RTX 3070 Ti FTW3 Ultra Gaming 8GB GDDR6X ,https://img.pacifiko.com/PROD/resize/1/250x250/ODU1NTFjMz_638.png
Tarjeta gráfica Gigabyte Gv-N165SWF2OC-4GD GeForce GTX 1650 Sup ,https://img.pacifiko.com/PROD/resize/1/250x250/ZTdjMTY5Nz.jpg
ZOTAC Gaming GeForce RTX 3050 Twin Edge OC 8GB GDDR6 128-bit 14 ,https://img.pacifiko.com/PROD/resize/1/250x250/Yzg0YTU4ZW.jpg
"EVGA GeForce RTX 3060 Ti XC Gaming, 08G-P5-3663-KL, 8GB GDDR6,  ",https://img.pacifiko.com/PROD/resize/1/250x250/M2E4ODlhZD.jpg
"Tarjeta De Video Geforce GTX 1660, 6GB GDDR6, Ventus XS, MSI ",https://img.pacifiko.com/PROD/resize/1/250x250/ODdkMzZkMz_322.jpg
Tarjeta gráfica ASUS GeForce RTX 2060 Overclocked 6G GDDR6 Dual ,https://img.pacifiko.com/PROD/resize/1/250x250/YTJlMjlkMj.jpg
MSI Gaming GeForce GTX 1650 Super 128-Bit HDMI/DP 4GB GDRR6 HDC ,https://img.pacifiko.com/PROD/resize/1/250x250/MWYzY2QwMG.jpg
Tarjeta gráfica NVIDIA GeForce RTX 3090 Founders Edition ,https://img.pacifiko.com/PROD/resize/1/250x250/ZjRjYmU3Ym.jpg
MSI Gaming GeForce GTX 1660 Super 192-bit HDMI/DP 6GB GDRR6 HDC ,https://img.pacifiko.com/PROD/resize/1/250x250/YWMwMWU0MW.jpg
Tarjeta gráfica ASUS TUF Gaming AMD Radeon RX 6700 XT OC Editio ,https://img.pacifiko.com/PROD/resize/1/250x250/YTEzMWQ1Y2.jpg
Tarjeta gráfica MSI Gaming GeForce RTX 3060 12 GB 15 Gbps GDRR6 ,https://img.pacifiko.com/PROD/resize/1/250x250/YTI4NzM2Nj.jpg
Tarjeta gráfica Gigabyte Gv-N166SOC-6GD GeForce GTX 1660 Super  ,https://img.pacifiko.com/PROD/resize/1/250x250/Y2VmZmViZG.jpg
MSI Gaming GeForce GTX 1650 128 bits HDMI/DP/DVI 4GB GDRR6 HDCP ,https://img.pacifiko.com/PROD/resize/1/250x250/ZDM1ZjgwYj.jpg
MSI Gaming GeForce RTX 3060 12GB 15 Gbps GDRR6 Boost Clock: 180 ,https://img.pacifiko.com/PROD/resize/1/250x250/YTY5ZDdjYm.jpg
Tarjeta gráfica Gigabyte Geforce GTX 1050 Ti OC 4GB GDDR5 128 B ,https://img.pacifiko.com/PROD/resize/1/250x250/Mzg2YjBmZW.jpg
ASUS TUF GeForce GTX 1660 Super Overclocked 6GB Edición HDMI DP ,https://img.pacifiko.com/PROD/resize/1/250x250/ZjYyZDE5MG.jpg
"MSI Gaming GeForce RTX 4090, 24 GB GDRR6X, 384 bits, reloj Boos ",https://img.pacifiko.com/PROD/resize/1/250x250/ZGY3ZTdkZD.jpg
Caja eGPU Akitio Node Titan Thunderbolt 3 con fuente de aliment ,https://img.pacifiko.com/PROD/resize/1/250x250/ZTZiNDZkYm.jpg
"XFX Radeon RX 580 GTS XXX Edition 1386MHz OC+, 8GB GDDR5, VR Re ",https://img.pacifiko.com/PROD/resize/1/250x250/MmE1MjFiMm.jpg
Tarjeta gráfica para juegos XFX Speedster SWFT 210 Radeon RX 66 ,https://img.pacifiko.com/PROD/resize/1/250x250/NGEyYzRjNG_202.jpg
Tarjeta gráfica ZOTAC Gaming GeForce RTX 3060 Twin Edge OC 12 G ,https://img.pacifiko.com/PROD/resize/1/250x250/MjIwODEwNT.jpg
MSI Gaming GeForce RTX 3090 24GB GDRR6X 384-Bit HDMI/DP Nvlink  ,https://img.pacifiko.com/PROD/resize/1/250x250/MzA0NTFhMD.jpg
Asus Phoenix Tarjeta De Video Geforce GTX 1650 EVO 4GB GDDR6 ,https://img.pacifiko.com/PROD/resize/1/250x250/MGE0ZDA1Nz_1.png
Tarjeta gráfica ASUS TUF Gaming NVIDIA GeForce GTX 1650 OC Edit ,https://img.pacifiko.com/PROD/resize/1/250x250/OWRiNjNjZT.jpg
MSI Gaming GeForce RTX 3070 Ti 8GB GDRR6X 256-Bit HDMI/DP Nvlin ,https://img.pacifiko.com/PROD/resize/1/250x250/YTc4NGFjM2.jpg
ZOTAC GeForce RTX™ 3070 Ti AMP Holo 8GB GDDR6X 256-bit 19 Gbps  ,https://img.pacifiko.com/PROD/resize/1/250x250/Nzc0NTczMD.jpg
"EVGA GeForce RTX 3070 Ti XC3 Ultra Gaming, 08G-P5-3785-KL, 8 GB ",https://img.pacifiko.com/PROD/resize/1/250x250/ZjgxZWQzYj.jpg
ASUS TUF Gaming GeForce RTX™ 4090 OG OC Edition Gaming Graphics ,https://img.pacifiko.com/PROD/resize/1/250x250/NjlhN2Y0NW.jpg
Tarjeta gráfica para juegos ASUS Dual AMD Radeon RX 6600 XT OC  ,https://img.pacifiko.com/PROD/resize/1/250x250/Y2Q0ZmQxNT.jpg
"EVGA GeForce GTX 1650 Super SC Ultra Gaming, 4GB GDDR6, doble v ",https://img.pacifiko.com/PROD/resize/1/250x250/NWUzYjQwZj.jpg
"Tarjeta gráfica GIGABYTE GeForce RTX 3070 Ti Vision OC 8G, sist ",https://img.pacifiko.com/PROD/resize/1/250x250/YmVmMzQ2Yz.jpg
"EVGA GeForce RTX 3070 XC3 Ultra Gaming, 08G-P5-3755-KL, 8 GB GD ",https://img.pacifiko.com/PROD/resize/1/250x250/MDhiNWUzND.jpg
